Map phase	Shuffle Phase	Reduce Phase	Finalize	Total
0.0210809707642, 0.0218269824982, 0.0182518959045, 0.000286102294922, 0.0614459514618
0.0312321186066, 0.0247411727905, 0.0128400325775, 0.000191211700439, 0.069004535675
